Dataset,Model,resolution,n,mean,std,sem,ci_lower,ci_upper
chestmnist,ResNet18,224,6188,0.9999999992005195,9.161832383389383e-08,1.1646815333109694e-09,0.999999996917339,1.0000000014837
chestmnist,ResNet18,192,6188,0.9807476080380954,0.004679304597435895,5.948482165261507e-05,0.9806309971174754,0.9808642189587153
chestmnist,ResNet18,160,6188,0.9711809575885206,0.006988305169256241,8.88375778903225e-05,0.9710068050659841,0.9713551101110571
chestmnist,ResNet18,128,6188,0.9533260350043957,0.010964725491817973,0.00013938710908199424,0.9530527878354368,0.9535992821733547
chestmnist,ResNet18,112,6188,0.9343526386297666,0.015032139623247022,0.00019109338277231212,0.9339780291971352,0.9347272480623979
chestmnist,ResNet18,96,6188,0.9268237758179827,0.016723134615795814,0.00021258985376553392,0.9264070258324681,0.9272405258034973
chestmnist,ResNet18,80,6188,0.8992743892637314,0.02190306964383391,0.0002784388501065337,0.8987285523637419,0.8998202261637208
chestmnist,ResNet18,64,6188,0.8568234899079483,0.028929797028099648,0.0003677648635239195,0.8561025429820646,0.8575444368338321
chestmnist,ResNet18,56,6188,0.8165923321177748,0.0342621645638523,0.000435551630819268,0.8157384995729962,0.8174461646625535
chestmnist,ResNet18,48,6188,0.7797530573957107,0.039238791844165975,0.0004988161138288191,0.7787752044806706,0.7807309103107507
chestmnist,ResNet18,40,6188,0.7237020528645922,0.045852621203766666,0.0005828932350558191,0.7225593795762708,0.7248447261529136
chestmnist,ResNet18,32,6188,0.6503392162876662,0.05297815817650755,0.0006734753476703449,0.6490189705825463,0.6516594619927861
chestmnist,ResNet18,30,6188,0.6209956927739118,0.05679258085714468,0.000721965512852095,0.619580389495351,0.6224109960524725
chestmnist,ResNet18,28,6188,0.5949212414078274,0.06057053017288343,0.0007699920169147892,0.5934117894927353,0.5964306933229195
chestmnist,ResNet18,26,6188,0.5694209179409335,0.06019379616669263,0.0007652028533324453,0.5679208544506331,0.5709209814312339
chestmnist,ResNet18,24,6188,0.5397286589444646,0.061261435668035026,0.0007787750292838547,0.5382019892731497,0.5412553286157796
chestmnist,ResNet18,16,6188,0.44034750621378155,0.05313693651558086,0.0006754937888693319,0.4390233036625303,0.4416717087650328
chestmnist,ResNet18,12,6188,0.4014230847272013,0.0467962571883206,0.0005948890385085243,0.4002568954957311,0.40258927395867145
chestmnist,ResNet18,8,6188,0.37699233447987185,0.04119828243971323,0.0005237257870888107,0.37596564994946347,0.37801901901028023
chestmnist,VGG16,224,6188,0.999999999576179,1.078856217574305e-07,1.3714766447644489e-09,0.9999999968876082,1.0000000022647497
chestmnist,VGG16,192,6188,0.9091314709737521,0.024345295038381475,0.00030948520304319773,0.908524772433814,0.9097381695136902
chestmnist,VGG16,160,6188,0.8705005402440168,0.03363465499106763,0.00042757452775936904,0.8696623455931722,0.8713387348948614
chestmnist,VGG16,128,6188,0.7971212558000413,0.04703296477222518,0.0005978981412756536,0.7959491676815246,0.7982933439185581
chestmnist,VGG16,112,6188,0.7234098528738783,0.05865391164496649,0.0007456273471363546,0.7219481641779492,0.7248715415698074
chestmnist,VGG16,96,6188,0.6970433199943152,0.060422927295033575,0.0007681156417651308,0.6955375464265318,0.6985490935620987
chestmnist,VGG16,80,6188,0.6197173498864704,0.06755721258421077,0.0008588089657855692,0.6180337858888884,0.6214009138840525
chestmnist,VGG16,64,6188,0.5248083094328777,0.06987745083493292,0.0008883045790036983,0.5230669237840566,0.5265496950816988
chestmnist,VGG16,56,6188,0.45010312814470177,0.0674568707328172,0.0008575333879705002,0.4484220647228835,0.45178419156652005
chestmnist,VGG16,48,6188,0.39513592707846884,0.06326359013561514,0.0008042270593761576,0.39355936258393254,0.39671249157300514
chestmnist,VGG16,40,6188,0.3266657329806799,0.058157143385555325,0.0007393122696075384,0.3252164240311123,0.32811504193024754
chestmnist,VGG16,32,6188,0.2633520479349548,0.051336070898985155,0.0006526006072452455,0.26207272397476156,0.26463137189514807
chestmnist,VGG16,30,6188,0.24622796828068105,0.049864143350308185,0.000633888991898256,0.24498532558860425,0.24747061097275785
chestmnist,VGG16,28,6188,0.24098750839097777,0.048881327300961556,0.0006213951188888461,0.23976935803145336,0.24220565875050218
chestmnist,VGG16,26,6188,0.21883814981172334,0.0462114456136414,0.0005874547261025229,0.2176865344158932,0.21998976520755348
chestmnist,VGG16,24,6188,0.20660874867750392,0.04467688753548838,0.0005679469313664135,0.2054953753380546,0.20772212201695325
chestmnist,VGG16,16,6188,0.17353037621346726,0.04015892070578325,0.0005105130871912114,0.1725295931660949,0.17453115926083962
chestmnist,VGG16,12,6188,0.16191613521010317,0.03773528640303756,0.0004797030701794982,0.16097575050214308,0.16285651991806327
chestmnist,VGG16,8,6188,0.15658017294872706,0.03590311238132,0.000456411886062494,0.1556854470550116,0.1574748988424425
chestmnist,ViT,224,6188,0.9999999953957628,1.00881051290412e-07,1.282432297189365e-09,0.9999999928817499,0.9999999979097757
chestmnist,ViT,192,6188,0.9419979749472587,0.01879777313174768,0.00023896332434119745,0.9415295237949871,0.9424664260995302
chestmnist,ViT,160,6188,0.9105594801224658,0.0265368231823112,0.0003373446120801261,0.9098981674600428,0.9112207927848888
chestmnist,ViT,128,6188,0.8587928089832751,0.03770722685376346,0.00047934636818468957,0.8578531235351741,0.8597324944313762
chestmnist,ViT,112,6188,0.7975578989590378,0.04884865385468788,0.0006209797635547585,0.7963405628402986,0.798775235077777
chestmnist,ViT,96,6188,0.7891042699776084,0.05078344958072411,0.0006455755077088306,0.7878387176536348,0.790369822301582
chestmnist,ViT,80,6188,0.7121559624941255,0.06221908282556729,0.0007909489472637092,0.7106054277132962,0.7137064972749548
chestmnist,ViT,64,6188,0.6080562113251468,0.07182713810450919,0.0009130896292380152,0.6062662383653925,0.609846184284901
chestmnist,ViT,56,6188,0.552327651622011,0.07493730889352447,0.0009526271183758511,0.5504601714447974,0.5541951317992246
chestmnist,ViT,48,6188,0.47449761077655694,0.07447332366500979,0.0009467287892560139,0.47264169337400874,0.47635352817910515
chestmnist,ViT,40,6188,0.389684227785865,0.07045678553361619,0.0008956692676044852,0.3879284047882554,0.39144005078347455
chestmnist,ViT,32,6188,0.2894655679952794,0.06303366006963668,0.0008013041145918412,0.2878947334882046,0.2910364025023542
chestmnist,ViT,30,6188,0.2705919274243959,0.061251954309105086,0.0007786544992065263,0.2690654940339151,0.2721183608148767
chestmnist,ViT,28,6188,0.26259895958865465,0.06150795805294991,0.0007819089009510411,0.26106614643989345,0.26413177273741584
chestmnist,ViT,26,6188,0.22804316262950555,0.05682572068871218,0.0007223867970257029,0.22662703348757396,0.22945929177143715
chestmnist,ViT,24,6188,0.20891249099636178,0.05488962469448139,0.0006977745234450796,0.20754461046308445,0.2102803715296391
chestmnist,ViT,16,6188,0.1662769528195706,0.04691505874475019,0.000596399282017814,0.1651078029860328,0.16744610265310841
chestmnist,ViT,12,6188,0.15808771018587675,0.04565257144507137,0.0005803501383264122,0.15695002225083712,0.15922539812091638
chestmnist,ViT,8,6188,0.14392165649347707,0.04217866230132203,0.0005361886904979137,0.14287054034169444,0.1449727726452597
stl10,ResNet18,96,8000,0.9999999979510903,9.119191101452858e-08,1.0195565601329886e-09,0.9999999959524938,0.9999999999496868
stl10,ResNet18,80,8000,0.9730255319029093,0.01006010665797905,0.00011247541174069691,0.9728050507848466,0.973246013020972
stl10,ResNet18,64,8000,0.9397771006673574,0.020507118436879183,0.0002292765542375054,0.939327658871666,0.9402265424630488
stl10,ResNet18,56,8000,0.9120897406041623,0.027817751307944186,0.0003110119145287344,0.9114800762020953,0.9126994050062293
stl10,ResNet18,48,8000,0.8721466490626335,0.03767520980075102,0.00042122165090522794,0.8713209448566517,0.8729723532686153
stl10,ResNet18,40,8000,0.829305178180337,0.046288609904572946,0.0005175223916529758,0.828290699426552,0.830319656934122
stl10,ResNet18,32,8000,0.7683292935118079,0.055885123466890875,0.0006248146750146836,0.7671044939223043,0.7695540931013115
stl10,ResNet18,30,8000,0.7415580414235592,0.058945427271016565,0.0006590299117038148,0.7402661710536668,0.7428499117934516
stl10,ResNet18,28,8000,0.7226883401572705,0.060814532577755875,0.0006799271443186883,0.7213555057656417,0.7240211745488992
stl10,ResNet18,26,8000,0.6934425859376788,0.06351172353523608,0.0007100826559648057,0.6920506388847084,0.6948345329906492
stl10,ResNet18,24,8000,0.6647346274107695,0.06513745354810883,0.000728258870074031,0.6633070502414303,0.6661622045801087
stl10,ResNet18,16,8000,0.5443560563661158,0.06641155653204045,0.0007425037744860631,0.5429005554719122,0.5458115572603195
stl10,ResNet18,12,8000,0.486470964320004,0.06338727013431313,0.0007086912246423319,0.48508174483503214,0.4878601838049758
stl10,ResNet18,8,8000,0.4464692479390651,0.05986205844454051,0.0006692781597752895,0.44515728833226287,0.44778120754586737
stl10,VGG16,96,8000,0.999999997138977,1.0426688248372638e-07,1.1657391851779714e-09,0.9999999948538244,0.9999999994241296
stl10,VGG16,80,8000,0.923701683305204,0.03133768713696453,0.0003503659934793673,0.9230148746527351,0.9243884919576728
stl10,VGG16,64,8000,0.8469552837908269,0.05619904134356343,0.0006283243835726448,0.8457236042579208,0.8481869633237329
stl10,VGG16,56,8000,0.7891904321499169,0.07110949201689147,0.0007950282899762398,0.787631969517483,0.7907488947823508
stl10,VGG16,48,8000,0.7239543508552014,0.08419072176854693,0.0009412808847462113,0.722109195023646,0.7257995066867569
stl10,VGG16,40,8000,0.6587941595651209,0.09502076929059873,0.001062364497040516,0.6567116482991237,0.6608766708311181
stl10,VGG16,32,8000,0.5775975562259554,0.10473540959893379,0.0011709774775724997,0.5753021352136127,0.5798929772382981
stl10,VGG16,30,8000,0.5441678488366306,0.10635685843862704,0.001189105826710461,0.5418368915357363,0.5464988061375249
stl10,VGG16,28,8000,0.5249971192032099,0.10702134154768693,0.0011965349737192525,0.5226515988381454,0.5273426395682744
stl10,VGG16,26,8000,0.4938415918741375,0.10794044711800448,0.0012068108863878962,0.4914759280423434,0.4962072557059316
stl10,VGG16,24,8000,0.4649015696477145,0.10779853797231682,0.0012052242939059638,0.4625390159506504,0.4672641233447786
stl10,VGG16,16,8000,0.35867628060374407,0.10106016422113002,0.001129886985078694,0.35646140766485646,0.3608911535426317
stl10,VGG16,12,8000,0.31096070461953057,0.09404581530688905,0.0010514641801279707,0.3088995608153005,0.31302184842376063
stl10,VGG16,8,8000,0.2650780512932688,0.08866424867824062,0.0009912964360924595,0.26313485194704034,0.2670212506394972
stl10,ViT,96,8000,0.9999999971017242,9.886296871005265e-08,1.105321592465562e-09,0.9999999949350058,0.9999999992684425
stl10,ViT,80,8000,0.9547499838694931,0.0269636827458925,0.00030146313771776907,0.9541590375583833,0.9553409301806028
stl10,ViT,64,8000,0.89749992249161,0.0551149328377351,0.0006162036820025553,0.8962920026924318,0.8987078422907883
stl10,ViT,56,8000,0.857059950247407,0.07259594492067192,0.000811647338667265,0.8554689099486208,0.8586509905461932
stl10,ViT,48,8000,0.7876802850365638,0.09877072283809613,0.0011042902522638695,0.7855155883644924,0.7898449817086353
stl10,ViT,40,8000,0.7162950786668807,0.12010866220624698,0.0013428556668986405,0.7136627316120657,0.7189274257216957
stl10,ViT,32,8000,0.6070282613560557,0.14461950653588676,0.0016168952374335896,0.6038587253283807,0.6101977973837307
stl10,ViT,30,8000,0.5702284817034379,0.148531052654487,0.0016606276525251674,0.5669732187455321,0.5734837446613437
stl10,ViT,28,8000,0.5385680090961977,0.15281713836031957,0.0017085475475033265,0.5352188106562278,0.5419172075361677
stl10,ViT,26,8000,0.4906686492068693,0.15489735620879735,0.00173180509008935,0.48727385992252364,0.494063438491215
stl10,ViT,24,8000,0.44433292968105526,0.15505134139901428,0.0017335266968536163,0.44093476559880157,0.44773109376330894
stl10,ViT,16,8000,0.25472054904757535,0.13022520657260095,0.0014559620714014406,0.2518664839644474,0.2575746141307033
stl10,ViT,12,8000,0.16445562173303915,0.09911151119994632,0.0011081003819790585,0.16228345621380758,0.16662778725227073
stl10,ViT,8,8000,0.09328366777577318,0.06663861249393409,0.000745042337313517,0.09182319063687919,0.09474414491466718
