Dataset,Resolution,Comparison,N,Skewness,Excess_Kurtosis,Pass
chestmnist,8,ResNet18 vs VGG16,6188,-0.33325079548805137,0.5768821241648756,True
chestmnist,8,ResNet18 vs ViT,6188,-0.1246406920523915,0.17697044930856842,True
chestmnist,8,VGG16 vs ViT,6188,0.20850958170551365,0.7746225221748264,True
chestmnist,12,ResNet18 vs VGG16,6188,-0.32324792146257897,0.507726476993692,True
chestmnist,12,ResNet18 vs ViT,6188,-0.05093147526112892,0.10726940442912536,True
chestmnist,12,VGG16 vs ViT,6188,0.2957891305135014,0.9045548919247195,True
chestmnist,16,ResNet18 vs VGG16,6188,-0.4978085411386784,0.7304575897573069,True
chestmnist,16,ResNet18 vs ViT,6188,-0.16283523066236125,0.047955150409416,True
chestmnist,16,VGG16 vs ViT,6188,0.2157814982283278,0.7124288725613916,True
chestmnist,24,ResNet18 vs VGG16,6188,-0.6940663060912575,1.1035125899945957,True
chestmnist,24,ResNet18 vs ViT,6188,-0.30528126378332443,0.09962198429224722,True
chestmnist,24,VGG16 vs ViT,6188,0.04030182609823948,0.41979225590835645,True
chestmnist,26,ResNet18 vs VGG16,6188,-0.7211049937441013,1.2979331574225004,True
chestmnist,26,ResNet18 vs ViT,6188,-0.3655771267086009,0.25860875346068957,True
chestmnist,26,VGG16 vs ViT,6188,0.002645018388447875,0.3454595507050313,True
chestmnist,28,ResNet18 vs VGG16,6188,-0.7561938851637705,1.367115507401249,True
chestmnist,28,ResNet18 vs ViT,6188,-0.34814134455313694,0.3454505137533701,True
chestmnist,28,VGG16 vs ViT,6188,0.05283391916520396,0.34929045754193533,True
chestmnist,30,ResNet18 vs VGG16,6188,-0.7265491118867711,1.3628246068566519,True
chestmnist,30,ResNet18 vs ViT,6188,-0.3790560586487816,0.3815468968181146,True
chestmnist,30,VGG16 vs ViT,6188,0.0809679340947573,0.321027245132969,True
chestmnist,32,ResNet18 vs VGG16,6188,-0.7079346510868145,1.452045722757905,True
chestmnist,32,ResNet18 vs ViT,6188,-0.34988893996233317,0.4065266231228932,True
chestmnist,32,VGG16 vs ViT,6188,0.10067814112229483,0.21704849432346762,True
chestmnist,40,ResNet18 vs VGG16,6188,-0.3961397593205597,0.7178348292785155,True
chestmnist,40,ResNet18 vs ViT,6188,-0.2299391366445437,0.18461421113938803,True
chestmnist,40,VGG16 vs ViT,6188,0.06544747072933285,0.14777280157247397,True
chestmnist,48,ResNet18 vs VGG16,6188,-0.19516970725462796,0.2557751424385821,True
chestmnist,48,ResNet18 vs ViT,6188,-0.12657355788455532,-0.0943796227003717,True
chestmnist,48,VGG16 vs ViT,6188,0.01383658079846845,0.0616785612162607,True
chestmnist,56,ResNet18 vs VGG16,6188,-0.09790756172742973,0.009650755721740456,True
chestmnist,56,ResNet18 vs ViT,6188,0.008880830870358751,-0.13772732025863954,True
chestmnist,56,VGG16 vs ViT,6188,0.0594321440315996,0.09056574942234796,True
chestmnist,64,ResNet18 vs VGG16,6188,0.038255166324049385,-0.03941103884855357,True
chestmnist,64,ResNet18 vs ViT,6188,0.09669325328727309,-0.1483745481196248,True
chestmnist,64,VGG16 vs ViT,6188,0.05328558524582549,0.024987988953206308,True
chestmnist,80,ResNet18 vs VGG16,6188,0.26698038989997436,0.1063187025962069,True
chestmnist,80,ResNet18 vs ViT,6188,0.34453029296050036,0.06877265524362208,True
chestmnist,80,VGG16 vs ViT,6188,0.0335410849604512,0.0714466298876153,True
chestmnist,96,ResNet18 vs VGG16,6188,0.3990408092414499,0.2765534883453862,True
chestmnist,96,ResNet18 vs ViT,6188,0.5799268156069142,0.7128988436169648,True
chestmnist,96,VGG16 vs ViT,6188,-0.04069451510145256,0.2342366569073775,True
chestmnist,112,ResNet18 vs VGG16,6188,0.45196574666415473,0.3529632157291922,True
chestmnist,112,ResNet18 vs ViT,6188,0.5868196561810998,0.7930693174178214,True
chestmnist,112,VGG16 vs ViT,6188,-0.1253816254462389,0.26729552349080743,True
chestmnist,128,ResNet18 vs VGG16,6188,0.5572321157206352,0.5584990813231636,True
chestmnist,128,ResNet18 vs ViT,6188,0.8342276803619005,1.6821999155975664,True
chestmnist,128,VGG16 vs ViT,6188,-0.17182369075610787,0.5103557980772009,True
chestmnist,160,ResNet18 vs VGG16,6188,0.7806825776197733,1.1656090451892496,True
chestmnist,160,ResNet18 vs ViT,6188,1.0933021365196023,2.6999731857760327,True
chestmnist,160,VGG16 vs ViT,6188,-0.2332257227770582,0.9658665322909017,True
chestmnist,192,ResNet18 vs VGG16,6188,0.8850199254348508,1.5535846262375737,True
chestmnist,192,ResNet18 vs ViT,6188,1.3068345776035302,3.5019141166970016,True
chestmnist,192,VGG16 vs ViT,6188,-0.24397361817352392,1.2955103569850683,True
stl10,8,ResNet18 vs VGG16,8000,-0.2634447627354279,0.06085633814538971,True
stl10,8,ResNet18 vs ViT,8000,-0.36134871986742206,0.6529540221630512,True
stl10,8,VGG16 vs ViT,8000,0.0449227842530205,0.2321814397631381,True
stl10,12,ResNet18 vs VGG16,8000,-0.1610046292091566,-0.01960537121029038,True
stl10,12,ResNet18 vs ViT,8000,-0.6805733144334862,1.0414045311498397,True
stl10,12,VGG16 vs ViT,8000,-0.3673471363404946,0.6412788424984726,True
stl10,16,ResNet18 vs VGG16,8000,-0.09793933139073159,-0.14931148811818984,True
stl10,16,ResNet18 vs ViT,8000,-0.5539537625630649,0.29119248339179116,True
stl10,16,VGG16 vs ViT,8000,-0.37329631856929996,0.3049301846381107,True
stl10,24,ResNet18 vs VGG16,8000,0.03789050246400687,-0.22333882055550403,True
stl10,24,ResNet18 vs ViT,8000,-0.07884775553470116,-0.3899636705439242,True
stl10,24,VGG16 vs ViT,8000,-0.16845776997586198,-0.09970977390668612,True
stl10,26,ResNet18 vs VGG16,8000,0.10021146098311048,-0.2051193568321592,True
stl10,26,ResNet18 vs ViT,8000,0.04976096185009806,-0.35633357559317513,True
stl10,26,VGG16 vs ViT,8000,-0.10023079317756695,-0.062326164290853914,True
stl10,28,ResNet18 vs VGG16,8000,0.12105204434487336,-0.20765110815140986,True
stl10,28,ResNet18 vs ViT,8000,0.16770828453110803,-0.3374801590598011,True
stl10,28,VGG16 vs ViT,8000,-0.029595414870453203,-0.07181763828485233,True
stl10,30,ResNet18 vs VGG16,8000,0.1680889943808616,-0.14811448517574366,True
stl10,30,ResNet18 vs ViT,8000,0.24052750304134018,-0.2922923563710471,True
stl10,30,VGG16 vs ViT,8000,-0.010194713046009425,-0.06165834166082096,True
stl10,32,ResNet18 vs VGG16,8000,0.21724288762829932,-0.11564662739947318,True
stl10,32,ResNet18 vs ViT,8000,0.3174195971738327,-0.21172179619827558,True
stl10,32,VGG16 vs ViT,8000,0.013365002626468177,-0.033799608435360895,True
stl10,40,ResNet18 vs VGG16,8000,0.3997499710523733,0.09657266404356957,True
stl10,40,ResNet18 vs ViT,8000,0.6224099500662474,0.3640605303299007,True
stl10,40,VGG16 vs ViT,8000,0.11271999080803047,0.19980213493901156,True
stl10,48,ResNet18 vs VGG16,8000,0.499137660162271,0.22295870642651971,True
stl10,48,ResNet18 vs ViT,8000,0.8333348696426448,0.9931905919540096,True
stl10,48,VGG16 vs ViT,8000,0.14466698119653906,0.41118213231188694,True
stl10,56,ResNet18 vs VGG16,8000,0.655546013902719,0.5033699242727212,True
stl10,56,ResNet18 vs ViT,8000,1.145124052001632,2.5024324694004783,True
stl10,56,VGG16 vs ViT,8000,0.08682897898890538,0.9109700567424701,True
stl10,64,ResNet18 vs VGG16,8000,0.8095854416325459,0.8760542875848114,True
stl10,64,ResNet18 vs ViT,8000,1.3534736726048848,3.474720534638985,True
stl10,64,VGG16 vs ViT,8000,0.08932558576477027,1.1752728965525057,True
stl10,80,ResNet18 vs VGG16,8000,1.0597717865893586,1.8706625068835994,True
stl10,80,ResNet18 vs ViT,8000,1.8545702626328886,7.3328148430285935,False
stl10,80,VGG16 vs ViT,8000,-0.06351842170624371,2.9105058166862827,True
