Dataset,Model,Resolution,N,Top1_Acc,Top1_CI_Lower,Top1_CI_Upper,Top5_Acc,Top5_CI_Lower,Top5_CI_Upper,Mean_Rank,Median_Rank
chestmnist,ResNet18,224,6188,1.0,0.999379593478573,1.0,1.0,0.999379593478573,1.0,0.0,0.0
chestmnist,ResNet18,192,6188,1.0,0.999379593478573,1.0,1.0,0.999379593478573,1.0,0.0,0.0
chestmnist,ResNet18,160,6188,1.0,0.999379593478573,1.0,1.0,0.999379593478573,1.0,0.0,0.0
chestmnist,ResNet18,128,6188,0.9953135100193924,0.9932775345867969,0.996734893988454,0.9995151906916613,0.9985754687242265,0.9998351076953822,0.015029088558500324,0.0
chestmnist,ResNet18,112,6188,0.9465093729799612,0.9406209800616137,0.9518437312445587,0.9840012928248222,0.9805614180829881,0.986840612449761,0.7504848093083387,0.0
chestmnist,ResNet18,96,6188,0.9158047834518422,0.9086255547464751,0.9224680761586214,0.9686489980607628,0.9640079446203765,0.9727085457118348,1.64770523594053,0.0
chestmnist,ResNet18,80,6188,0.7131544925662573,0.7017558820891562,0.7242886181688394,0.8584356819650937,0.8495274758627511,0.8668991363982297,12.52278603749192,0.0
chestmnist,ResNet18,64,6188,0.41677440206851973,0.4045456835569304,0.4291063879875218,0.6006787330316742,0.5884172154763263,0.6128153271019383,61.61441499676794,1.0
chestmnist,ResNet18,56,6188,0.251131221719457,0.24048283592761246,0.2620884071373511,0.40093729799612154,0.3887915011656884,0.4132060131192614,149.3901098901099,12.0
chestmnist,ResNet18,48,6188,0.14350355526826114,0.13498955428165763,0.15245990169321885,0.26712992889463477,0.25625266055330825,0.2782961454574791,281.7651906916613,46.0
chestmnist,ResNet18,40,6188,0.05833872010342599,0.052768304247384885,0.0644571550360863,0.1268584356819651,0.11879697718082023,0.1353828931029467,567.7870071105365,181.0
chestmnist,ResNet18,32,6188,0.015190691661279896,0.012430145825090829,0.018552795210552628,0.04508726567550097,0.04019350506610793,0.05054548793900418,1078.214770523594,595.5
chestmnist,ResNet18,30,6188,0.01098901098901099,0.008678055831261878,0.013906737360023824,0.03312863606981254,0.028951047722196567,0.037885524495128074,1283.5250484809308,776.0
chestmnist,ResNet18,28,6188,0.00856496444731739,0.006554426289479821,0.0111852816069841,0.026018099547511313,0.022336196742378495,0.030288125276802254,1452.2003878474466,975.0
chestmnist,ResNet18,26,6188,0.005817711700064641,0.004205361120566423,0.008043250108432806,0.01971557853910795,0.016538020519684643,0.023489079732959467,1611.0953458306399,1146.0
chestmnist,ResNet18,24,6188,0.004848093083387201,0.0033981387085995195,0.006912438402470996,0.01680672268907563,0.013890659640188414,0.020322338258669564,1783.5342598577893,1346.0
chestmnist,ResNet18,16,6188,0.0008080155138978668,0.0003451837599393994,0.0018902511930948122,0.005817711700064641,0.004205361120566423,0.008043250108432806,2330.002747252747,1986.0
chestmnist,ResNet18,12,6188,0.0006464124111182935,0.00025140497391282636,0.0016610242927999333,0.003555268261150614,0.002349088737250982,0.005377442883247917,2577.816742081448,2340.5
chestmnist,ResNet18,8,6188,0.0003232062055591467,8.86392743987284e-05,0.0011777786196711273,0.0027472527472527475,0.0017160118419577543,0.004395491346933885,2778.5875888817063,2649.5
chestmnist,VGG16,224,6188,1.0,0.999379593478573,1.0,1.0,0.999379593478573,1.0,0.0,0.0
chestmnist,VGG16,192,6188,0.984486102133161,0.981092636687111,0.9872784109046028,0.9983839689722043,0.997027590666175,0.9991219459491836,0.032805429864253395,0.0
chestmnist,VGG16,160,6188,0.9054621848739496,0.8979188343420923,0.9125024326384312,0.9751131221719457,0.9709270077435085,0.9787097100415608,0.7060439560439561,0.0
chestmnist,VGG16,128,6188,0.6022947640594699,0.5900405824111463,0.614422017030333,0.8013897866839044,0.7912639158084851,0.8111416891810233,12.104395604395604,0.0
chestmnist,VGG16,112,6188,0.3211053652230123,0.3095862667005952,0.33284643854155727,0.5499353587588882,0.5375126239546961,0.5622961331186327,53.383484162895925,3.0
chestmnist,VGG16,96,6188,0.2603425985778927,0.2495601229349256,0.2714224442503609,0.4678409825468649,0.45543272426307846,0.4802891441589525,70.91499676793795,6.0
chestmnist,VGG16,80,6188,0.11780866192630898,0.11001241193374375,0.12607913991602185,0.2706851971557854,0.2597596012282676,0.2818953298815917,179.41742081447964,29.0
chestmnist,VGG16,64,6188,0.042986425339366516,0.03821001460498942,0.0483299044779438,0.11570782159017454,0.10797525776182999,0.12391722016575675,429.088720103426,123.5
chestmnist,VGG16,56,6188,0.021170006464124112,0.017869269003644255,0.025064882425892932,0.06043956043956044,0.054770452232382756,0.06665408097326732,720.6273432449904,291.5
chestmnist,VGG16,48,6188,0.011797026502908856,0.009393557322447397,0.014806264300445562,0.03636069812540401,0.03197705684191777,0.04131962910183593,1019.1342921784099,508.0
chestmnist,VGG16,40,6188,0.005171299288946348,0.0036655718184381804,0.007291016665275239,0.01906916612798966,0.015947880744013907,0.0227871967633444,1417.7270523594052,888.0
chestmnist,VGG16,32,6188,0.0022624434389140274,0.0013482074036379483,0.003794278726289334,0.009696186166774402,0.007540743975372023,0.012460003725342061,1831.0945378151262,1373.0
chestmnist,VGG16,30,6188,0.0011312217194570137,0.000548078460632116,0.0023333678650450003,0.007756948933419522,0.005855895709775275,0.010268783755081381,1984.7128312863606,1588.0
chestmnist,VGG16,28,6188,0.0014544279250161603,0.0007653845960102726,0.0027620731023097487,0.006464124111182934,0.004750857850047454,0.008789776124237581,2071.1368778280544,1693.5
chestmnist,VGG16,26,6188,0.001292824822236587,0.0006552470736567184,0.0025492049383418498,0.005656108597285068,0.004069842074222077,0.0078557634684557,2196.8253070458954,1850.5
chestmnist,VGG16,24,6188,0.0009696186166774402,0.00044445829009886627,0.002113982349256798,0.004848093083387201,0.0033981387085995195,0.006912438402470996,2284.5143826761473,1955.5
chestmnist,VGG16,16,6188,0.0008080155138978668,0.0003451837599393994,0.0018902511930948122,0.003232062055591467,0.0020932986454925053,0.004987221602363489,2544.5639948287007,2299.5
chestmnist,VGG16,12,6188,0.0004848093083387201,0.00016489230461782926,0.0014245312757734784,0.0022624434389140274,0.0013482074036379483,0.003794278726289334,2623.4920814479638,2403.0
chestmnist,VGG16,8,6188,0.0004848093083387201,0.00016489230461782926,0.0014245312757734784,0.0019392372333548805,0.0011097017447139151,0.003386773012570463,2754.9518422753717,2602.0
chestmnist,ViT,224,6188,1.0,0.999379593478573,1.0,1.0,0.999379593478573,1.0,0.0,0.0
chestmnist,ViT,192,6188,0.9996767937944409,0.998822221380329,0.9999113607256013,1.0,0.999379593478573,1.0,0.0004848093083387201,0.0
chestmnist,ViT,160,6188,0.996606334841629,0.9948172809037674,0.9977791931620552,0.998868778280543,0.997666632134955,0.9994519215393678,0.022462831286360698,0.0
chestmnist,ViT,128,6188,0.9479638009049773,0.9421468451418878,0.9532249173411774,0.9822236586942469,0.9786196366179022,0.985229331365311,1.0284421460892048,0.0
chestmnist,ViT,112,6188,0.773109243697479,0.7625064426175742,0.7833731672656802,0.8925339366515838,0.884572446019529,0.9000083660552785,8.612960568842922,0.0
chestmnist,ViT,96,6188,0.7664835164835165,0.755779130196819,0.7768572465472557,0.8886554621848739,0.8805756221746911,0.8962530534284013,9.369909502262443,0.0
chestmnist,ViT,80,6188,0.5302197802197802,0.517769804666334,0.5426322586757776,0.7194570135746606,0.7081297693254229,0.7305119526991091,33.496767937944405,0.0
chestmnist,ViT,64,6188,0.27472527472527475,0.2637458487963561,0.2859842244715396,0.4718810601163542,0.45946422224271355,0.4843327883373537,108.62766645119586,6.0
chestmnist,ViT,56,6188,0.1632191338073691,0.15422058114570344,0.17263556856039022,0.3185197155785391,0.30702708587711347,0.33023752838389564,200.32789269553976,21.0
chestmnist,ViT,48,6188,0.08968972204266322,0.08282261104527922,0.0970659513845537,0.19796380090497737,0.18822447360217828,0.2080778986630276,334.719941822883,61.0
chestmnist,ViT,40,6188,0.037815126050420166,0.033342057552718046,0.042861679567928704,0.10067873303167421,0.09342750466728095,0.10842544443241073,608.9865869424693,183.0
chestmnist,ViT,32,6188,0.013251454427925016,0.010689254523035173,0.016417618276750857,0.041047188106011635,0.03638200490226706,0.04628184594480873,1075.906916612799,515.5
chestmnist,ViT,30,6188,0.011150614091790563,0.008820886579704562,0.014086912297902592,0.031027795733678087,0.026990098042119853,0.035647400253025915,1240.6667744020685,675.5
chestmnist,ViT,28,6188,0.007110536522301228,0.005301248150629034,0.009531408568941812,0.023755656108597284,0.02024647288532605,0.027855769525354367,1416.3859082094377,850.5
chestmnist,ViT,26,6188,0.005009696186166775,0.0035316344653456375,0.007101948332046332,0.018584356819650937,0.015505932800531929,0.022260127647862022,1589.3742727860374,1038.5
chestmnist,ViT,24,6188,0.004201680672268907,0.0028690293443306876,0.0061495250214540186,0.013574660633484163,0.010978415715890798,0.016774468456538134,1755.0224628312862,1247.0
chestmnist,ViT,16,6188,0.0014544279250161603,0.0007653845960102726,0.0027620731023097487,0.005009696186166775,0.0035316344653456375,0.007101948332046332,2414.6304137039433,2148.5
chestmnist,ViT,12,6188,0.0011312217194570137,0.000548078460632116,0.0023333678650450003,0.002585649644473174,0.0015922351068418754,0.0041962623957283104,2690.9198448610214,2520.0
chestmnist,ViT,8,6188,0.0004848093083387201,0.00016489230461782926,0.0014245312757734784,0.001777634130575307,0.0009929162720075878,0.003180552798955337,2864.60407239819,2783.0
stl10,ResNet18,96,8000,1.0,0.99952004811184,1.0,1.0,0.99952004811184,1.0,0.0,0.0
stl10,ResNet18,80,8000,0.999125,0.9981948084301102,0.9995760795975341,1.0,0.99952004811184,1.0,0.000875,0.0
stl10,ResNet18,64,8000,0.996625,0.9950939009554263,0.9976793868316587,1.0,0.99952004811184,1.0,0.003625,0.0
stl10,ResNet18,56,8000,0.992,0.9897979901882448,0.9937297371538056,0.9995,0.9987149849377058,0.9998055431260223,0.01975,0.0
stl10,ResNet18,48,8000,0.959875,0.9553491623996424,0.9639594018512225,0.993875,0.9919123085817702,0.9953636189406997,0.31325,0.0
stl10,ResNet18,40,8000,0.837625,0.8293818543994321,0.8455440580880876,0.945625,0.940438789722564,0.9503834531571135,2.345125,0.0
stl10,ResNet18,32,8000,0.515625,0.5046689459373086,0.5265660555661864,0.732375,0.7225637855578879,0.7419631568020897,22.81425,0.0
stl10,ResNet18,30,8000,0.384625,0.3740219406380197,0.39533880826017315,0.60775,0.5970016326682562,0.6183949376998453,42.957375,2.0
stl10,ResNet18,28,8000,0.296625,0.28671531176528686,0.3067299086652222,0.517,0.506044268826059,0.5279394128097435,68.487125,4.0
stl10,ResNet18,26,8000,0.190875,0.18241252229788862,0.19963420795696624,0.375,0.36445375416854203,0.3856662338034979,124.56625,12.0
stl10,ResNet18,24,8000,0.1155,0.1086798416164884,0.12268924138550662,0.256875,0.24741924114549352,0.26656413546012425,208.313875,30.0
stl10,ResNet18,16,8000,0.0085,0.00671091200375446,0.010760880702306798,0.031875,0.0282446407999411,0.03595471415534868,938.3615,402.0
stl10,ResNet18,12,8000,0.001375,0.000767971759981173,0.002460660260486367,0.00675,0.005177357508553511,0.00879611502911631,1619.055875,975.0
stl10,ResNet18,8,8000,0.0005,0.00019445687397768696,0.0012850150622941334,0.003125,0.0021176697419186073,0.004609282446940373,2256.130375,1666.0
stl10,VGG16,96,8000,1.0,0.99952004811184,1.0,1.0,0.99952004811184,1.0,0.0,0.0
stl10,VGG16,80,8000,0.996625,0.9950939009554263,0.9976793868316587,1.0,0.99952004811184,1.0,0.00375,0.0
stl10,VGG16,64,8000,0.972625,0.9688161986636639,0.9759801268140527,0.996625,0.9950939009554263,0.9976793868316587,0.06925,0.0
stl10,VGG16,56,8000,0.901375,0.8946475352211775,0.907717183400602,0.972125,0.9682849452159836,0.9755118602136212,0.73375,0.0
stl10,VGG16,48,8000,0.73675,0.726987573009509,0.7462851697714472,0.894375,0.8874495409212219,0.900921897026992,4.3935,0.0
stl10,VGG16,40,8000,0.50325,0.4922947693113322,0.5142021110013948,0.71975,0.7098047038889468,0.7294843572562069,18.759625,0.0
stl10,VGG16,32,8000,0.2395,0.23027441525220518,0.2489756396815261,0.436375,0.4255406397093598,0.44727043416840845,91.505375,8.0
stl10,VGG16,30,8000,0.162125,0.15421107595096187,0.1703632515374622,0.333125,0.3228789581814298,0.34353122576124356,156.545625,18.0
stl10,VGG16,28,8000,0.128875,0.12171049872617405,0.13639574556281267,0.279,0.26927968180210715,0.2889324569324595,206.79025,29.0
stl10,VGG16,26,8000,0.082875,0.07703205044712551,0.08911834941557194,0.1905,0.18204416678583993,0.19925292343293108,324.083875,63.0
stl10,VGG16,24,8000,0.0535,0.04877976636399682,0.05864883067213003,0.128875,0.12171049872617405,0.13639574556281267,470.0955,115.0
stl10,VGG16,16,8000,0.009375,0.0074861377185653066,0.01173481507169167,0.026625,0.023318063072628632,0.03038633137748683,1391.406375,746.0
stl10,VGG16,12,8000,0.003625,0.0025252244687040746,0.005201247768266746,0.01175,0.0096119779934957,0.014356695025292517,2000.47875,1363.0
stl10,VGG16,8,8000,0.001875,0.001136640711818256,0.003091511356761124,0.005375,0.003993065400810048,0.007231727004552212,2710.35075,2181.0
stl10,ViT,96,8000,1.0,0.99952004811184,1.0,1.0,0.99952004811184,1.0,0.0,0.0
stl10,ViT,80,8000,0.9985,0.9973797834955337,0.9991417044719709,0.999875,0.999292234009974,0.9999779340898377,0.002875,0.0
stl10,ViT,64,8000,0.995125,0.9933430743240397,0.9964316533187099,0.9995,0.9987149849377058,0.9998055431260223,0.010625,0.0
stl10,ViT,56,8000,0.989125,0.9866059875110078,0.9911744995543996,0.99825,0.997064485616286,0.9989572423271624,0.053625,0.0
stl10,ViT,48,8000,0.9645,0.9602171197548423,0.968337004941057,0.99275,0.9906399097770939,0.9943870976371243,0.246125,0.0
stl10,ViT,40,8000,0.908375,0.9018556505116188,0.9145023487837266,0.96975,0.965765528144439,0.9732835570566346,1.2445,0.0
stl10,ViT,32,8000,0.735375,0.7255971085659925,0.7449269540826562,0.874125,0.8666762164980003,0.881214659501684,6.76775,0.0
stl10,ViT,30,8000,0.66525,0.6548320252585145,0.6755093506424485,0.8285,0.8200827872761957,0.8366018843332833,10.446625,0.0
stl10,ViT,28,8000,0.602875,0.5921059723611056,0.6135452775379054,0.779875,0.7706626022627219,0.7888187446678805,15.766375,0.0
stl10,ViT,26,8000,0.490875,0.4799273008666579,0.501831458255301,0.692625,0.6824237314910457,0.7026413670440408,25.89725,1.0
stl10,ViT,24,8000,0.38775,0.37712944483834615,0.3984783043605456,0.59925,0.5884663298886378,0.6099383996615623,42.97325,2.0
stl10,ViT,16,8000,0.0875,0.0815044064914641,0.09389155381626785,0.196125,0.18757081790517718,0.20497087285485202,294.01875,58.0
stl10,ViT,12,8000,0.025,0.02180003303219191,0.028655921261560077,0.06925,0.06389097157436781,0.07502250697728201,710.26725,255.0
stl10,ViT,8,8000,0.003625,0.0025252244687040746,0.005201247768266746,0.014625,0.012217708940638498,0.017498204354792803,1465.597125,815.5
